{
  "epoch": 38,
  "train_loss": 0.5952044826043057,
  "accuracy": 0.9177652228499686,
  "micro_f1": 0.9177652228499686,
  "macro_f1": 0.6453986119316367,
  "macro_precision": 0.6527186353649355,
  "macro_recall": 0.6443352797680177,
  "mcc": 0.9108295562983778
}