{
  "accuracy": 0.898932831136221,
  "macro_precision": 0.6752088273024767,
  "macro_recall": 0.6851912546724734,
  "macro_f1": 0.6740558502640962,
  "micro_precision": 0.898932831136221,
  "micro_recall": 0.898932831136221,
  "micro_f1": 0.898932831136221,
  "mcc": 0.89050606503876,
  "epoch": 4,
  "train_loss": 0.7201999248097383
}