{
  "accuracy": 0.9026993094789705,
  "macro_precision": 0.661164491868859,
  "macro_recall": 0.6753144862659265,
  "macro_f1": 0.6635417906629193,
  "micro_precision": 0.9026993094789705,
  "micro_recall": 0.9026993094789705,
  "micro_f1": 0.9026993094789705,
  "mcc": 0.8946635795877186,
  "epoch": 6,
  "train_loss": 0.6709064105805409
}