{
  "accuracy": 0.8995605775266792,
  "macro_precision": 0.6756522084867302,
  "macro_recall": 0.6679632722565269,
  "macro_f1": 0.6693784505243598,
  "micro_precision": 0.8995605775266792,
  "micro_recall": 0.8995605775266792,
  "micro_f1": 0.8995605775266792,
  "mcc": 0.8910908595351725,
  "epoch": 5,
  "train_loss": 0.7001797249900424
}