{
  "accuracy": 0.8819836785938481,
  "macro_precision": 0.6295393392270032,
  "macro_recall": 0.6422595673665431,
  "macro_f1": 0.6264691964326887,
  "micro_precision": 0.8819836785938481,
  "micro_recall": 0.8819836785938481,
  "micro_f1": 0.8819836785938481,
  "mcc": 0.8724542762112363,
  "epoch": 4,
  "train_loss": 0.7784001854100453
}