{
  "accuracy": 0.8995605775266792,
  "macro_precision": 0.6506932947840783,
  "macro_recall": 0.6425314863379894,
  "macro_f1": 0.6306603053554118,
  "micro_precision": 0.8995605775266792,
  "micro_recall": 0.8995605775266792,
  "micro_f1": 0.8995605775266792,
  "mcc": 0.8912899490848619,
  "epoch": 7,
  "train_loss": 0.6565025457752621
}