{
  "accuracy": 0.9033270558694287,
  "macro_precision": 0.6296716060053974,
  "macro_recall": 0.6426825450392178,
  "macro_f1": 0.6294486308870104,
  "micro_precision": 0.9033270558694287,
  "micro_recall": 0.9033270558694287,
  "micro_f1": 0.9033270558694287,
  "mcc": 0.8952759599879834,
  "epoch": 4,
  "train_loss": 0.771144954687536
}